{
    "extends": ["tslint:latest", "tslint-eslint-rules", "tslint-plugin-prettier", "tslint-config-prettier"],
    "rules": {
        "prettier": true,
        "adjacent-overload-signatures": true,
        "arrow-parens": [true, "ban-single-arg-parens"],
        "arrow-return-shorthand": true,
        "await-promise": true,
        "binary-expression-operand-order": true,
        "callable-types": true,
        "class-name": true,
        "completed-docs": [
            true,
            {
                "functions": { "visibilities": ["exported"] },
                "methods": { "locations": "instance", "privacies": ["public", "protected"] }
            }
        ],
        "curly": true,
        "eofline": true,
        "encoding": true,
        "import-spacing": true,
        "indent": [true, "spaces", 2],
        "interface-name": false,
        "interface-over-type-literal": true,
        "linebreak-style": [true, "LF"],
        "max-classes-per-file": [true, 1],
        "max-line-length": false,
        "member-access": true,
        "member-ordering": [true, {"order": "fields-first"}],
        "newline-before-return": false,
        "new-parens": true,
        "no-angle-bracket-type-assertion": true,
        "no-boolean-literal-compare": true,
        "no-console": [true, "log"],
        "no-default-export": true,
        "no-empty-interface": false,
        "no-floating-promises": true,
        "no-non-null-assertion": true,
        "no-parameter-reassignment": false,
        "no-redundant-jsdoc": true,
        "no-return-await": false,
        "no-string-throw": true,
        "no-string-literal": false,
        "no-submodule-imports": false,
        "no-unnecessary-type-assertion": true,
        "no-implicit-dependencies": [true, "dev"],
        "number-literal-format": true,
        "object-literal-sort-keys": false,
        "object-literal-key-quotes": false,
        "ordered-imports": [
            false,
            {
                "grouped-imports": true
            }
        ],
        "trailing-comma": false,
        "prefer-const": true,
        "prefer-for-of": true,
        "prefer-function-over-method": false,
        "prefer-conditional-expression": false,
        "promise-function-async": true,
        "quotemark": false,
        "radix": false,
        "semicolon": [true, "never"],
        "space-before-function-paren": [
            true,
            {
                "anonymous": "never",
                "named": "never",
                "method": "never",
                "constructor": "never",
                "asyncArrow": "always"
            }
        ],
        "space-within-parens": false,
        "triple-equals": false,
        "type-literal-delimiter": false,
        "variable-name": [true, "ban-keywords", "allow-pascal-case"],
        "whitespace": [
            true,
            "check-branch",
            "check-decl",
            "check-module",
            "check-operator",
            "check-separator",
            "check-rest-spread",
            "check-type",
            "check-typecast",
            "check-preblock"
        ]
    }
}
